,Bar,Internal force
0,1,5.4536402382541114e+17
1,2,-284.07835425137
2,3,0.0
3,4,4.824107266867201e+17
4,5,-1.6080357556224003e+18
