,Bar,Internal force
0,1,-1310506.8462092287
1,2,679901.2630318985
2,3,0.0
3,4,-1427277.0104025682
4,5,1958386.8252436968
