,Node,Displacement on X,Displacement on Y
2,1,0.0,0.0
0,2,39646.58362229356,50297.18651247704
3,3,0.0,0.0
1,4,-5393.147883631522,31973.662452958313
